{"cameraMode":{"drawMode":0,"name":"Shaded","section":"Shading Mode"},"sceneLighting":false,"audioPlay":false,"sceneViewState":{"showFog":true,"showMaterialUpdate":false,"showSkybox":false,"showFlares":true,"showImageEffects":true,"showParticleSystems":true},"in2DMode":false,"pivot":{"x":19.160001754760743,"y":-0.0000019073486328125,"z":15.799999237060547},"rotation":{"x":0.3361857235431671,"y":0.6083935499191284,"z":-0.31697559356689455,"w":0.6452649831771851},"size":93.7076187133789,"orthographic":false}