{"cameraMode":{"drawMode":0,"name":"Shaded","section":"Shading Mode"},"sceneLighting":true,"audioPlay":false,"sceneViewState":{"showFog":true,"showMaterialUpdate":false,"showSkybox":true,"showFlares":true,"showImageEffects":true,"showParticleSystems":true},"in2DMode":false,"pivot":{"x":-192.289794921875,"y":-3888.613525390625,"z":3008.0068359375},"rotation":{"x":0.44847816228866579,"y":0.028142420575022699,"z":-0.014130733907222748,"w":0.8932419419288635},"size":3372.02587890625,"orthographic":false}